<?xml version="1.0" encoding="UTF-8"?>
<!DOCTYPE xml>

<ModData mod_name="NAME_OF_MOD"  mod_segment="DIVISION_OF_MOD_IF_ANY" mod_author="AUTHOR_OF_MOD" mod_description="DESCRIPTION_OF_MOD">

	<!--  For cleaning up the old names of your mod, if you change it - ignore if this isn't the case -->
	<CleanupOldModNames name="OldModNameCleanup">
		<Objects>
		
			<Object Mod_Name="OLD_MOD_NAME_TO_DESTROY_ELEMENTS_FOR"/>
			
		</Objects>
	</CleanupOldModNames>
	
	
	<!-- Added to /Game/Levels/Class3/Mission_Mission0.xml -->
	<MissionData>
		<Objects name="NAME_Entities" mod_subsegment="SEGMENT_NAME" parent_tag="Objects">
		
			<Object Name="UNIQUE_NAME"/>
			
		</Objects>
	</MissionData>
	
	<!-- Added to /Game/Libs/Prefabs/Facilities.xml -->
	<FacilitiesData>
		<Objects name="LOCATION_Objects" mod_subsegment="SEGMENT_NAME" 
			parent_tag="ELEMENT_TYPE_TO_ADD_THIS_TO" parent_name="ELEMENT_NAME_TO_ADD_THIS_TO">
		
			<Object Type="Brush" Name="UNIQUE_NAME" />
			
		</Objects>
	</FacilitiesData>
	
</ModData>