<?xml version="1.0" encoding="UTF-8"?>
<!DOCTYPE xml>

<ModData mod_name="NAME_OF_MOD" mod_author="AUTHOR_OF_MOD" mod_description="DESCRIPTION_OF_MOD">

	<!-- Added to /Game/Levels/Class3/Mission_Mission0.xml -->
	<MissionData>
		<Objects name="NAME_Entities" mod_segment="SEGMENT_NAME" parent_tag="Objects">
			<Object Name="UNIQUE_NAME"/>
		</Objects>
	</MissionData>
	
	<!-- Added to /Game/Libs/Prefabs/Facilities.xml -->
	<FacilitiesData>
		<Objects name="LOCATION_Objects" mod_segment="SEGMENT_NAME" parent_tag="ELEMENT_TYPE_TO_ADD_THIS_TO" parent_name="ELEMENT_NAME_TO_ADD_THIS_TO">
			<Object Type="Brush" Name="UNIQUE_NAME" />
		</Objects>
	</FacilitiesData>
	
</ModData>