<?xml version="1.0" encoding="UTF-8"?>
<!DOCTYPE xml>
<ModData mod_name="Fortitude_Mod" mod_segment="Bases - Snyder_Trucking_Warehouse" mod_author="phacops" 
	mod_description="When moving into the Snyder Trucking Warehouse, this adds barricades and blockades and walkways to the area">
	
	<FacilitiesData>
		<Objects name="Snyder_Objects" mod_subsegment="Snyder Trucking Warehouse" parent_tag="Prefab" parent_name="warehouse.workshop">
		
			<Object Type="Brush" Name="Core_Geometry_Container" Pos="0,0,0" FloorNumber="-1" Rotate="1,0,0,0" ColorRGB="16777215" MatLayersMask="0" 
				Prefab="objects/Fortitude/snyder.cgf" NoCollision="0" OutdoorOnly="0" CastShadowMaps="1" RainOccluder="1" SupportSecondVisarea="0" 
				Hideable="0" LodRatio="100" ViewDistRatio="200" MeshIntegrationType="0" NotTriangulate="0" AIRadius="-1" NoStaticDecals="0" NoAmnbShadowCaster="0" 
				RecvWind="0" AllowInteractionMarkup="0" RndFlags="536870920"/>
				
			<Object Type="Brush" Name="VehicleBeingStrippedOnLift" Pos="2.5,-2.5,0" FloorNumber="-1" Rotate="0.383,0,0,-0.924" ColorRGB="16777215" MatLayersMask="0" 
				Prefab="objects/vehicles/musclecar/musclecar.cga" NoCollision="0" OutdoorOnly="0" CastShadowMaps="1" RainOccluder="1" SupportSecondVisarea="0" 
				Hideable="0" LodRatio="100" ViewDistRatio="200" MeshIntegrationType="0" NotTriangulate="0" AIRadius="-1" NoStaticDecals="0" NoAmnbShadowCaster="0" 
				RecvWind="0" AllowInteractionMarkup="1" RndFlags="536870920"/>
				
			<Object Type="Brush" Name="Truck1" Pos="49.13483,-7.83943,1.5" FloorNumber="-1" Rotate="-0.655,0.282,0.648,0.266" ColorRGB="16777215" MatLayersMask="0" 
				Prefab="objects/decor/industrial/truck_trailer/truck_trailer_01.cgf" NoCollision="0" OutdoorOnly="0" CastShadowMaps="1" RainOccluder="1" SupportSecondVisarea="0" 
				Hideable="0" LodRatio="100" ViewDistRatio="200" MeshIntegrationType="0" NotTriangulate="0" AIRadius="-1" NoStaticDecals="0" NoAmnbShadowCaster="0" 
				RecvWind="0" AllowInteractionMarkup="1" RndFlags="536870920"/>
				
			<Object Type="Brush" Name="Truck2" Pos="43.26796,-25.08663,0" FloorNumber="-1" Rotate="0.359,0,0,0.933" ColorRGB="16777215" MatLayersMask="0" 
				Prefab="objects/decor/industrial/truck_trailer/truck_trailer_01.cgf" NoCollision="0" OutdoorOnly="0" CastShadowMaps="1" RainOccluder="1" SupportSecondVisarea="0" 
				Hideable="0" LodRatio="100" ViewDistRatio="200" MeshIntegrationType="0" NotTriangulate="0" AIRadius="-1" NoStaticDecals="0" NoAmnbShadowCaster="0" 
				RecvWind="0" AllowInteractionMarkup="1" RndFlags="536870920"/>
				
			<Object Type="Brush" Name="Truck3" Pos="24.86065,-44.2547,1.29537" FloorNumber="-1" Rotate="0.306,0.638,-0.299,0.64" ColorRGB="16777215" MatLayersMask="0"
				 Prefab="objects/decor/industrial/truck_trailer/truck_trailer_01.cgf" NoCollision="0" OutdoorOnly="0" CastShadowMaps="1" RainOccluder="1" SupportSecondVisarea="0" 
				 Hideable="0" LodRatio="100" ViewDistRatio="200" MeshIntegrationType="0" NotTriangulate="0" AIRadius="-1" NoStaticDecals="0" NoAmnbShadowCaster="0" 
				 RecvWind="0" AllowInteractionMarkup="1" RndFlags="536870920"/>
				 
		</Objects>
	</FacilitiesData>
	
</ModData>